{
    "http://www.ufc.com/athlete/michel-pereira-lima": "http://www.ufc.com/athlete/michel-pereira",
    "http://www.ufc.com/athlete/dan-argueta": "http://www.ufc.com/athlete/daniel-argueta",
    "http://www.ufc.com/athlete/cristian-quinonez": "http://www.ufc.com/athlete/trevin-dzhayls-6",
    "http://www.ufc.com/athlete/ike-villanueva": "http://www.ufc.com/athlete/isaac-villanueva",
    "http://www.ufc.com/athlete/geraldo-de-freitas-jr": "http://www.ufc.com/athlete/gerlado-de-freitas-jr",
    "http://www.ufc.com/athlete/ali-al-qaisi": "http://www.ufc.com/athlete/ali-alqaisi",
    "http://www.ufc.com/athlete/bruno-ferreira": "http://www.ufc.com/athlete/brunno-ferreira",
    "http://www.ufc.com/athlete/brianna-fortino": "http://www.ufc.com/athlete/brianna-van-buren",
    "http://www.ufc.com/athlete/roldan-sangcha-an": "http://www.ufc.com/athlete/roldan-sangcha",
    "http://www.ufc.com/athlete/ian-machado-garry": "http://www.ufc.com/athlete/nassurdin-imavov-4",
    "http://www.ufc.com/athlete/rostem-akman": "http://www.ufc.com/athlete/rostam-akman",
    "http://www.ufc.com/athlete/chuck-liddell": "http://www.ufc.com/athlete/chak-liddell",
    "http://www.ufc.com/athlete/yana-santos": "http://www.ufc.com/athlete/yana-kunitskaya",
    "http://www.ufc.com/athlete/david-mitchell-fighter": "http://www.ufc.com/athlete/david-mitchell",
    "http://www.ufc.com/athlete/stevie-lynch": "http://www.ufc.com/athlete/trevis-latter-0",
    "http://www.ufc.com/athlete/neil-wain": "http://www.ufc.com/athlete/nil-ueyn",
    "http://www.ufc.com/athlete/dong-hyun-kim": "http://www.ufc.com/athlete/dong-hyun-ma",
    "http://www.ufc.com/athlete/steve-byrnes": "http://www.ufc.com/athlete/kevin-byorns-2",
    "http://www.ufc.com/athlete/kyle-bradley": "http://www.ufc.com/athlete/kayl-dakas",
    "http://www.ufc.com/athlete/dave-menne": "http://www.ufc.com/athlete/darrik-minner-2",
    "http://www.ufc.com/athlete/tsuyoshi-kosaka": "http://www.ufc.com/athlete/pol-kelli-3",
    "http://www.ufc.com/athlete/brad-gumm": "http://www.ufc.com/athlete/shennon-gugerti-0",
    "http://www.ufc.com/athlete/chris-brennan": "http://www.ufc.com/athlete/kris-avila-0",
    "http://www.ufc.com/athlete/anthony-fryklund": "http://www.ufc.com/athlete/tony-frycklund",
    "http://www.ufc.com/athlete/tyrone-roberts": "http://www.ufc.com/athlete/dante-rivera-1",
    "http://www.ufc.com/athlete/john-lewis": "http://www.ufc.com/athlete/devid-leviki-0",
    "http://www.ufc.com/athlete/nate-schroeder": "http://www.ufc.com/athlete/fabiano-sherner-2",
    "http://www.ufc.com/athlete/steve-judson": "http://www.ufc.com/athlete/saiid-khosseyni-2",
    "http://www.ufc.com/athlete/bob-cook": "http://www.ufc.com/athlete/brayen-kobb-2",
    "http://www.ufc.com/athlete/david-velasquez": "http://www.ufc.com/athlete/dzho-vedepo-0",
    "http://www.ufc.com/athlete/jermaine-andre": "http://www.ufc.com/athlete/shon-alvarez-2",
    "http://www.ufc.com/athlete/scott-adams": "http://www.ufc.com/athlete/tenk-ebbott",
    "http://www.ufc.com/athlete/paul-jones": "http://www.ufc.com/athlete/saiid-khosseyni-1",
    "http://www.ufc.com/athlete/jason-godsey": "http://www.ufc.com/athlete/dzheyson-gilliam-1",
    "http://www.ufc.com/athlete/lowell-anderson": "http://www.ufc.com/athlete/shon-alvarez-1",
    "http://www.ufc.com/athlete/valeri-ignatov": "http://www.ufc.com/athlete/saiid-khosseyni-0",
    "http://www.ufc.com/athlete/townsend-saunders": "http://www.ufc.com/athlete/diego-sarayva-1",
    "http://www.ufc.com/athlete/marcello-mello": "http://www.ufc.com/athlete/taddeus-laster-2",
    "http://www.ufc.com/athlete/tony-peterra": "http://www.ufc.com/athlete/tiago-perpetuo",
    "http://www.ufc.com/athlete/flavio-moura": "http://www.ufc.com/athlete/garri-moskovic-0",
    "http://www.ufc.com/athlete/joey-roberts": "http://www.ufc.com/athlete/tomas-ramirez-0",
    "http://www.ufc.com/athlete/frank-caracci": "http://www.ufc.com/athlete/skott-beyker-4",
    "http://www.ufc.com/athlete/darrel-gholar": "http://www.ufc.com/athlete/brayen-gesevey-2",
    "http://www.ufc.com/athlete/sione-latu": "http://www.ufc.com/athlete/saiid-khosseyni-4",
    "http://www.ufc.com/athlete/tulio-palhares": "http://www.ufc.com/athlete/nissen-osternek-0",
    "http://www.ufc.com/athlete/ebenezer-braga": "http://www.ufc.com/athlete/kayl-dakas-0",
    "http://www.ufc.com/athlete/adriano-santos": "http://www.ufc.com/athlete/adriano-martins-0",
    "http://www.ufc.com/athlete/bob-gilstrap": "http://www.ufc.com/athlete/stiv-garsiya-0",
    "http://www.ufc.com/athlete/john-lober": "http://www.ufc.com/athlete/din-lister-0",
    "http://www.ufc.com/athlete/joe-pardo": "http://www.ufc.com/athlete/nissen-osternek-1",
    "http://www.ufc.com/athlete/noe-hernandez": "http://www.ufc.com/athlete/frenk-khamaker-0",
    "http://www.ufc.com/athlete/kevin-jackson": "http://www.ufc.com/athlete/dzheyms-irvin-1",
    "http://www.ufc.com/athlete/marcus-da-silviera": "http://www.ufc.com/athlete/markus-da-silviera",
    "http://www.ufc.com/athlete/joe-charles": "http://www.ufc.com/athlete/maykl-chendler-0",
    "http://www.ufc.com/athlete/josh-stuart": "http://www.ufc.com/athlete/dmitriy-stepanov-0",
    "http://www.ufc.com/athlete/eugenio-tadeu": "http://www.ufc.com/athlete/tim-silviya-0",
    "http://www.ufc.com/athlete/brian-johnston": "http://www.ufc.com/athlete/damarkes-dzhonson-0",
    "http://www.ufc.com/athlete/courtney-turner": "http://www.ufc.com/athlete/ronis-torres-1",
    "http://www.ufc.com/athlete/todd-butler": "http://www.ufc.com/athlete/kevin-byorns-1",
    "http://www.ufc.com/athlete/moti-horenstein": "http://www.ufc.com/athlete/mark-khominik-2",
    "http://www.ufc.com/athlete/nick-sanzo": "http://www.ufc.com/athlete/eddi-sanchez-4",
    "http://www.ufc.com/athlete/steven-graham": "http://www.ufc.com/athlete/vilson-govea-2",
    "http://www.ufc.com/athlete/yuri-vaulin": "http://www.ufc.com/athlete/dmitriy-stepanov-1",
    "http://www.ufc.com/athlete/jim-mullen": "http://www.ufc.com/athlete/garri-moskovic-2",
    "http://www.ufc.com/athlete/yoshiki-takahashi": "http://www.ufc.com/athlete/tim-silviya-1",
    "http://www.ufc.com/athlete/wallid-ismail": "http://www.ufc.com/athlete/dzheyms-irvin-0",
    "http://www.ufc.com/athlete/rainy-martinez": "http://www.ufc.com/athlete/terri-martin-0",
    "http://www.ufc.com/athlete/tai-bowden": "http://www.ufc.com/athlete/skott-beyker-3",
    "http://www.ufc.com/athlete/jackie-lee": "http://www.ufc.com/athlete/saiid-khosseyni-6",
    "http://www.ufc.com/athlete/fabio-gurgel": "http://www.ufc.com/athlete/dzhon-gunderson-1",
    "http://www.ufc.com/athlete/mark-hall": "http://www.ufc.com/athlete/tim-kheyg-0",
    "http://www.ufc.com/athlete/eric-martin": "http://www.ufc.com/athlete/taddeus-laster-3",
    "http://www.ufc.com/athlete/marcus-bossett": "http://www.ufc.com/athlete/skott-beyker-2",
    "http://www.ufc.com/athlete/felix-lee-mitchell": "http://www.ufc.com/athlete/dokonzhonosuke-mishima-0",
    "http://www.ufc.com/athlete/reza-nazri": "http://www.ufc.com/athlete/kazukhiro-nakamura-0",
    "http://www.ufc.com/athlete/julian-sanchez": "http://www.ufc.com/athlete/eddi-sanchez-0",
    "http://www.ufc.com/athlete/dave-berry": "http://www.ufc.com/athlete/skott-beyker-0",
    "http://www.ufc.com/athlete/dieusel-berto": "http://www.ufc.com/athlete/deyv-beneto-0",
    "http://www.ufc.com/athlete/scott-fielder": "http://www.ufc.com/athlete/skott-ferrozzo-0",
    "http://www.ufc.com/athlete/john-campetella": "http://www.ufc.com/athlete/kevin-byorns-3",
    "http://www.ufc.com/athlete/geza-kahlman-jr": "http://www.ufc.com/athlete/saiid-khosseyni-3",
    "http://www.ufc.com/athlete/mark-schultz": "http://www.ufc.com/athlete/fabiano-sherner-3",
    "http://www.ufc.com/athlete/rafael-carino": "http://www.ufc.com/athlete/stiv-kantvell-0",
    "http://www.ufc.com/athlete/scott-bessac": "http://www.ufc.com/athlete/skott-beyker-1",
    "http://www.ufc.com/athlete/harold-howard": "http://www.ufc.com/athlete/mett-khorvich-0",
    "http://www.ufc.com/athlete/larry-cureton": "http://www.ufc.com/athlete/lyuk-kummo-0",
    "http://www.ufc.com/athlete/ryan-parker": "http://www.ufc.com/athlete/nissen-osternek-3",
    "http://www.ufc.com/athlete/david-hood": "http://www.ufc.com/athlete/mark-khominik-1",
    "http://www.ufc.com/athlete/gerry-harris": "http://www.ufc.com/athlete/dzheyms-khemmortri-0",
    "http://www.ufc.com/athlete/onassis-parungao": "http://www.ufc.com/athlete/remko-pardoel-0",
    "http://www.ufc.com/athlete/francesco-maturi": "http://www.ufc.com/athlete/taddeus-laster-0",
    "http://www.ufc.com/athlete/joel-sutton": "http://www.ufc.com/athlete/genki-sudo-0",
    "http://www.ufc.com/athlete/rudyard-moncayo": "http://www.ufc.com/athlete/neyt-mor-0",
    "http://www.ufc.com/athlete/he-man-gipson": "http://www.ufc.com/athlete/dzheyson-gilliam-0",
    "http://www.ufc.com/athlete/jon-hess": "http://www.ufc.com/athlete/khit-kherring-0",
    "http://www.ufc.com/athlete/john-dowdy": "http://www.ufc.com/athlete/khyuston-dorr-0",
    "http://www.ufc.com/athlete/jack-mcglaughlin": "http://www.ufc.com/athlete/taddeus-laster-1",
    "http://www.ufc.com/athlete/todd-medina": "http://www.ufc.com/athlete/kodi-makkenzi-1",
    "http://www.ufc.com/athlete/asbel-cancio": "http://www.ufc.com/athlete/artem-lobov-0",
    "http://www.ufc.com/athlete/karlos-vemola": "http://www.ufc.com/athlete/kamaru-usman-0",
    "http://www.ufc.com/athlete/curt-warburton": "http://www.ufc.com/athlete/kori-uolsmli",
    "http://www.ufc.com/athlete/chris-tuchscherer": "http://www.ufc.com/athlete/kris-fishgold-1",
    "http://www.ufc.com/athlete/tom-deblass": "http://www.ufc.com/athlete/tom-aspinell-0",
    "http://www.ufc.com/athlete/dave-herman": "http://www.ufc.com/athlete/darrik-minner-1",
    "http://www.ufc.com/athlete/lavar-johnson": "http://www.ufc.com/athlete/loren-myorfi-0",
    "http://www.ufc.com/athlete/guto-inocente": "http://www.ufc.com/athlete/gunnar-nelson-1",
    "http://www.ufc.com/athlete/chris-saunders": "http://www.ufc.com/athlete/diego-sarayva-2",
    "http://www.ufc.com/athlete/anistavio-medeiros": "http://www.ufc.com/athlete/andzhela-khill-1",
    "http://www.ufc.com/athlete/milton-vieira": "http://www.ufc.com/athlete/milana-dudieva-0",
    "http://www.ufc.com/athlete/wagner-campos": "http://www.ufc.com/athlete/volkan-ozdemir-0",
    "http://www.ufc.com/athlete/wagner-prado": "http://www.ufc.com/athlete/volkan-ozdemir-1",
    "http://www.ufc.com/athlete/ulysses-gomez": "http://www.ufc.com/athlete/tayson-pedro-0",
    "http://www.ufc.com/athlete/benny-alloway": "http://www.ufc.com/athlete/ben-sonders-0",
    "http://www.ufc.com/athlete/mike-wilkinson": "http://www.ufc.com/athlete/mayk-svik-0",
    "http://www.ufc.com/athlete/brendan-loughnane": "http://www.ufc.com/athlete/brendon-shaub-0",
    "http://www.ufc.com/athlete/mike-ricci": "http://www.ufc.com/athlete/mayk-russo-0",
    "http://www.ufc.com/athlete/motonobu-tezuka": "http://www.ufc.com/athlete/montana-de-la-rosa-0",
    "http://www.ufc.com/athlete/cody-donovan": "http://www.ufc.com/athlete/kodi-stemenn-0",
    "http://www.ufc.com/athlete/adam-cella": "http://www.ufc.com/athlete/abner-lloveras-3",
    "http://www.ufc.com/athlete/ildemar-alcantara": "http://www.ufc.com/athlete/igor-araudzho-1",
    "http://www.ufc.com/athlete/estevan-payan": "http://www.ufc.com/athlete/ernest-chavez-1",
    "http://www.ufc.com/athlete/dave-galera": "http://www.ufc.com/athlete/david-zavada",
    "http://www.ufc.com/athlete/justin-jones": "http://www.ufc.com/athlete/dzhastin-dzhaynes-0",
    "http://www.ufc.com/athlete/nina-ansaroff": "http://www.ufc.com/athlete/nina-nunes",
    "http://www.ufc.com/athlete/jumabieke-tuerxun": "http://www.ufc.com/athlete/khulio-arse-0",
    "http://www.ufc.com/athlete/da-woon-jung": "http://www.ufc.com/athlete/da-un-jung",
    "http://www.ufc.com/athlete/batgerel-danaa": "http://www.ufc.com/athlete/danaa-batgerel",
    "http://www.ufc.com/athlete/omar-antonio-morales-ferrer": "http://www.ufc.com/athlete/omar-morales",
    "http://www.ufc.com/athlete/serghei-spivac": "http://www.ufc.com/athlete/sergey-spivak-0",
    "http://www.ufc.com/athlete/kalinn-williams": "http://www.ufc.com/athlete/khaos-williams",
    "http://www.ufc.com/athlete/seungwoo-choi": "http://www.ufc.com/athlete/seung-woo-choi",
    "http://www.ufc.com/athlete/fabio-cherant": "http://www.ufc.com/athlete/uillyam-nayt-0",
    "http://www.ufc.com/athlete/liliya-shakirova": "http://www.ufc.com/athlete/meyson-dzhons-1",
    "http://www.ufc.com/athlete/dakota-bush": "http://www.ufc.com/athlete/gustavo-lopez-1",
    "http://www.ufc.com/athlete/na-liang": "http://www.ufc.com/athlete/liang-na",
    "http://www.ufc.com/athlete/zhu-rong": "http://www.ufc.com/athlete/karlos-olberg-1",
    "http://www.ufc.com/athlete/kris-moutinho": "http://www.ufc.com/athlete/kameron-els-7",
    "http://www.ufc.com/athlete/cody-brundage": "http://www.ufc.com/athlete/dzhonatan-pirs-1",
    "http://www.ufc.com/athlete/preston-parsons": "http://www.ufc.com/athlete/kameron-els-0",
    "http://www.ufc.com/athlete/elise-reed": "http://www.ufc.com/athlete/karlos-olberg-3",
    "http://www.ufc.com/athlete/bryan-battle": "http://www.ufc.com/athlete/shavkat-rakhmonov-0",
    "http://www.ufc.com/athlete/andre-petroski": "http://www.ufc.com/athlete/viven-araudzho",
    "http://www.ufc.com/athlete/vanessa-demopoulos": "http://www.ufc.com/athlete/vanessa-demopulos",
    "http://www.ufc.com/athlete/mana-martinez": "http://www.ufc.com/athlete/uillyam-nayt-1",
    "http://www.ufc.com/athlete/mandy-bohm": "http://www.ufc.com/athlete/viktoriya-leonardo-0",
    "http://www.ufc.com/athlete/albert-duraev": "http://www.ufc.com/athlete/kori-makkenna-8",
    "http://www.ufc.com/athlete/erick-gonzalez": "http://www.ufc.com/athlete/mariya-agapova-1",
    "http://www.ufc.com/athlete/darian-weeks": "http://www.ufc.com/athlete/derian-uiks",
    "http://www.ufc.com/athlete/brandon-jenkins": "http://www.ufc.com/athlete/sem-khyuz-2",
    "http://www.ufc.com/athlete/mike-breeden": "http://www.ufc.com/athlete/aleks-oliveyra-0",
    "http://www.ufc.com/athlete/michael-morales": "http://www.ufc.com/athlete/karlos-olberg-2",
    "http://www.ufc.com/athlete/saimon-oliveira": "http://www.ufc.com/athlete/liana-dzhodzhua-1",
    "http://www.ufc.com/athlete/bruno-souza": "http://www.ufc.com/athlete/nassurdin-imavov-5",
    "http://www.ufc.com/athlete/jack-della": "http://www.ufc.com/athlete/sara-elpar-0",
    "http://www.ufc.com/athlete/benoit-saint-denis": "http://www.ufc.com/athlete/mariya-agapova-0",
    "http://www.ufc.com/athlete/joanderson-brito": "http://www.ufc.com/athlete/kori-makkenna-3",
    "http://www.ufc.com/athlete/genaro-valdez": "http://www.ufc.com/athlete/mark-shtrigl-0",
    "http://www.ufc.com/athlete/joseph-holmes": "http://www.ufc.com/athlete/rozherio-bontorin-0",
    "http://www.ufc.com/athlete/aj-dobson": "http://www.ufc.com/athlete/manon-firot-2",
    "http://www.ufc.com/athlete/jasmine-jasudavicius": "http://www.ufc.com/athlete/kori-makkenna-6",
    "http://www.ufc.com/athlete/mike-diamond": "http://www.ufc.com/athlete/blud-daymond",
    "http://www.ufc.com/athlete/aliaskhab-khizriev": "http://www.ufc.com/athlete/khorkhe-gonzalez-0",
    "http://www.ufc.com/athlete/aj-fletcher": "http://www.ufc.com/athlete/kori-makkenna-2",
    "http://www.ufc.com/athlete/chidi-njokuani": "http://www.ufc.com/athlete/bruno-korea-0",
    "http://www.ufc.com/athlete/jailton-almeida": "http://www.ufc.com/athlete/kori-makkenna-10",
    "http://www.ufc.com/athlete/javid-basharat": "http://www.ufc.com/athlete/trevin-dzhayls-4",
    "http://www.ufc.com/athlete/chad-anheliger": "http://www.ufc.com/athlete/meyson-dzhons-0",
    "http://www.ufc.com/athlete/christian-rodriguez": "http://www.ufc.com/athlete/ches-skelli-0",
    "http://www.ufc.com/athlete/armen-petrosyan": "http://www.ufc.com/athlete/karlos-olberg-4",
    "http://www.ufc.com/athlete/victor-altamirano": "http://www.ufc.com/athlete/kori-makkenna-4",
    "http://www.ufc.com/athlete/muhammad-mokaev": "http://www.ufc.com/athlete/liana-dzhodzhua-0",
    "http://www.ufc.com/athlete/carlos-hernandez": "http://www.ufc.com/athlete/lyudovit-klayn-2",
    "http://www.ufc.com/athlete/caio-borralho": "http://www.ufc.com/athlete/mario-souza-3",
    "http://www.ufc.com/athlete/gadzhi-omargadzhiev": "http://www.ufc.com/athlete/trevin-dzhayls-2",
    "http://www.ufc.com/athlete/ange-loosa": "http://www.ufc.com/athlete/loren-myuller-0",
    "http://www.ufc.com/athlete/martin-buday": "http://www.ufc.com/athlete/mariya-agapova-2",
    "http://www.ufc.com/athlete/mike-malott": "http://www.ufc.com/athlete/kristof-dzhotko",
    "http://www.ufc.com/athlete/piera-rodriguez": "http://www.ufc.com/athlete/norma-dyumont-viana-0",
    "http://www.ufc.com/athlete/cameron-vancamp": "http://www.ufc.com/athlete/kameron-vankamp",
    "http://www.ufc.com/athlete/yohan-lainesse": "http://www.ufc.com/athlete/nassurdin-imavov-1",
    "http://www.ufc.com/athlete/hayisaer-maheshate": "http://www.ufc.com/athlete/filipe-lins-3",
    "http://www.ufc.com/athlete/fernie-garcia": "http://www.ufc.com/athlete/liana-dzhodzhua-2",
    "http://www.ufc.com/athlete/jake-hadley": "http://www.ufc.com/athlete/aleks-oliveyra-1",
    "http://www.ufc.com/athlete/manuel-torres": "http://www.ufc.com/athlete/trevin-dzhayls-5",
    "http://www.ufc.com/athlete/lucas-almeida": "http://www.ufc.com/athlete/kori-makkenna-11",
    "http://www.ufc.com/athlete/askar-mozharov": "http://www.ufc.com/athlete/shakhin-santana-1",
    "http://www.ufc.com/athlete/rinat-fakhretdinov": "http://www.ufc.com/athlete/lyudovit-klayn-0",
    "http://www.ufc.com/athlete/karine-silva": "http://www.ufc.com/athlete/trevin-dzhayls-0",
    "http://www.ufc.com/athlete/ihor-potieria": "http://www.ufc.com/athlete/ikhor-poteria",
    "http://www.ufc.com/athlete/abus-magomedov": "http://www.ufc.com/athlete/abner-lloveras-1",
    "http://www.ufc.com/athlete/lukasz-brzeski": "http://www.ufc.com/athlete/kori-makkenna-5",
    "http://www.ufc.com/athlete/josh-quinlan": "http://www.ufc.com/athlete/niklas-shtolce-0",
    "http://www.ufc.com/athlete/anton-turkalj": "http://www.ufc.com/athlete/meyson-dzhons-2",
    "http://www.ufc.com/athlete/claudio-ribiero": "http://www.ufc.com/athlete/claudio-ribeiro",
    "http://www.ufc.com/athlete/ismael-bonfim-bonfim": "http://www.ufc.com/athlete/ismael-bonfim",
    "http://www.ufc.com/athlete/victor-martinez": "http://www.ufc.com/athlete/dzhonatan-pirs-2",
    "http://www.ufc.com/athlete/chris-duncan": "http://www.ufc.com/athlete/lyudovit-klayn-4",
    "http://www.ufc.com/athlete/vinicius-salvador": "http://www.ufc.com/athlete/vegnni-fabiano-2",
    "http://www.ufc.com/athlete/daniel-lacerda": "http://www.ufc.com/athlete/daniel-da-silva",
    "http://www.ufc.com/athlete/dzhunior-tafa": "http://www.ufc.com/athlete/junior-tafa",
    "http://www.ufc.com/athlete/yanal-ashmoz": "http://www.ufc.com/athlete/yanal-ashmouz",
    "http://www.ufc.com/athlete/fernando-padilla": "http://www.ufc.com/athlete/vegnni-fabiano-3",
    "http://www.ufc.com/athlete/casey-kenney-0": "http://www.ufc.com/athlete/casey-kenney",
    "http://www.ufc.com/athlete/richie-vaculik-0": "http://www.ufc.com/athlete/richie-vaculik",
    "http://www.ufc.com/athlete/justin-martin-0": "http://www.ufc.com/athlete/justin-martin",
    "http://www.ufc.com/athlete/sang-uk-kim": "http://www.ufc.com/athlete/sangwook-kim",
    "http://www.ufc.com/athlete/jonny-parsons": "http://www.ufc.com/athlete/norma-dyumont-viana-3",
    "http://www.ufc.com/athlete/joey-gomez-0": "http://www.ufc.com/athlete/joey-gomez",
    "http://www.ufc.com/athlete/katlyn-cerminara": "http://www.ufc.com/athlete/katlyn-chookagian",
    "http://www.ufc.com/athlete/stephen-erceg": "http://www.ufc.com/athlete/steve-erceg",
    "http://www.ufc.com/athlete/viktoriia-dudakova": "http://www.ufc.com/athlete/victoria-dudakova",
    "http://www.ufc.com/athlete/nursultan-ruziboev": "http://www.ufc.com/athlete/nursulton-ruziboev",
    "http://www.ufc.com/athlete/jason-perrin": "http://www.ufc.com/athlete/jay-perrin",
    "http://www.ufc.com/athlete/timmy-cuamba": "http://www.ufc.com/athlete/timothy-cuamba",
    "http://www.ufc.com/athlete/ronaldo-rodriguez": "http://www.ufc.com/athlete/luis-rodriguez",
    "http://www.ufc.com/athlete/asu-almabayev": "http://www.ufc.com/athlete/assu-almabayev",
    "http://www.ufc.com/athlete/stephanie-bruna-luciano": "http://www.ufc.com/athlete/stephanie-bruna",
    "http://www.ufc.com/athlete/ariane-da-silva": "http://www.ufc.com/athlete/ariane-lipski",
    "http://www.ufc.com/athlete/michelle-waterson-gomez": "http://www.ufc.com/athlete/michelle-waterson"
}